name,absError,relativeError
NVDA,12.082912190856101,0.0508798397973601
AMD,2.1924431783729235,0.045352365414623404
BABA,7.762000736436069,0.03599532294652563
KO,0.611378912967454,0.01068040771266653
DIS,5.6746009197862195,0.03925501687608779
AMZN,56.524755338362105,0.029370042395041318
BILI,1.2364797873734157,0.055725295056078594
NTES,11.228478357682858,0.0349456424546806
GOOG,38.99946461192643,0.02719528299604369
INTC,2.0597217206823797,0.03342865994459498
